Gene,healthy,DCIS,IDC
DOLK,147.8 ,176.0 ,145.3 
ALG5,971.3 ,999.8 ,915.8 
DPM1,1980.3 ,2508.0 ,2830.4 
DPM2,132.9 ,240.1 ,365.4 
DPM3,638.3 ,1018.5 ,823.7 
MPDU1,149.5 ,143.6 ,207.1 
DPAGT1,145.6 ,199.4 ,329.0 
ALG13,472.9 ,620.5 ,351.0 
ALG14,324.6 ,295.9 ,316.1 
ALG1,124.9 ,165.6 ,167.0 
ALG2,329.6 ,687.7 ,570.8 
RFT1,44.8 ,69.9 ,57.1 
ALG3,171.4 ,307.7 ,324.6 
ALG9,210.3 ,126.9 ,142.0 
ALG12,84.3 ,93.0 ,85.5 
ALG6,155.4 ,332.7 ,341.3 
ALG8,291.1 ,344.2 ,441.7 
ALG10,109.9 ,88.3 ,55.9 
DOLPP1,97.7 ,133.1 ,146.4 
FDPS,911.3 ,2457.1 ,1562.9 
DHDDS,295.7 ,68.8 ,69.4 
NUS1,229.6 ,339.3 ,331.6 
SRD5A3,129.5 ,853.1 ,571.2 
STT3A,115.6 ,177.3 ,224.8 
RPN1,429.7 ,707.9 ,734.5 
RPN2,2137.6 ,4156.7 ,5246.9 
DDOST,1945.1 ,2534.7 ,2789.4 
DAD1,1661.4 ,1957.5 ,2167.9 
OST4,2254.6 ,3842.3 ,4195.3 
TMEM258,2882.7 ,4653.1 ,5336.0 
KRTCAP2,6097.7 ,8974.3 ,8632.8 
OSTC,898.2 ,1909.7 ,1879.2 
SELENOT,327.3 ,507.9 ,703.5 
STT3B,1479.5 ,2830.2 ,2696.9 
MAGT1,1601.7 ,2316.9 ,2080.2 
TUSC3,286.7 ,542.4 ,762.0 
MLEC,721.9 ,788.6 ,697.4 
CANX,3256.1 ,4949.9 ,4774.9 
CALR,1539.8 ,2476.8 ,2211.8 
MOGS,58.7 ,89.2 ,107.0 
GANAB,1049.1 ,1081.1 ,1428.3 
PRKCSH,910.4 ,1096.7 ,1062.3 
UGGT1,277.1 ,372.0 ,273.6 
UGGT2,145.8 ,177.6 ,184.1 
MANEA,323.6 ,212.9 ,189.6 
MANEAL,10.8 ,83.7 ,81.8 
MAN1B1,199.8 ,218.2 ,227.7 
MAN2C1,71.3 ,33.9 ,31.5 
MAN1A1,3125.7 ,1528.9 ,969.5 
MAN1A2,875.5 ,583.5 ,555.1 
MAN1C1,271.8 ,174.3 ,148.9 
MGAT1,616.8 ,504.4 ,386.2 
MGAT3,28.0 ,12.0 ,11.7 
MAN2A1,610.8 ,759.6 ,709.6 
MAN2A2,215.0 ,98.5 ,113.0 
FUT8,93.9 ,267.6 ,248.0 
MGAT2,778.4 ,1066.9 ,1121.7 
MGAT4A,174.1 ,1050.6 ,868.1 
MGAT4B,765.0 ,1203.2 ,1013.4 
MGAT5,394.3 ,477.0 ,431.0 
MGAT5B,6.1 ,6.2 ,6.1 
GNPTAB,688.9 ,1231.0 ,976.1 
GNPTG,524.5 ,496.5 ,509.2 
NAGPA,151.5 ,147.9 ,135.6 
LMAN1,1276.8 ,2085.6 ,2095.9 
LMAN2L,246.6 ,193.2 ,237.8 
LMAN2,388.8 ,527.6 ,636.5 
M6PR,110.6 ,145.3 ,191.7 
IGF2R,445.4 ,586.6 ,635.5 
EDEM2,123.5 ,144.1 ,183.7 
EDEM1,222.1 ,381.1 ,414.5 
EDEM3,985.1 ,1604.1 ,1139.0 
OS9,1473.7 ,1299.6 ,1153.4 
NGLY1,415.9 ,527.2 ,615.2 
ENGASE,221.4 ,192.5 ,206.7 
B4GALNT3,10.4 ,86.6 ,16.9 
B4GALNT4,5.3 ,5.2 ,5.0 
ST6GAL2,11.8 ,74.6 ,21.9 
ST3GAL3,43.2 ,14.7 ,15.6 
ST3GAL4,58.8 ,61.5 ,73.7 
ST3GAL6,96.6 ,52.2 ,36.1 
FUT9,12.2 ,4.8 ,4.3 
FUT3,13.2 ,54.3 ,68.4 
FUT4,47.4 ,46.6 ,52.9 
FUT5,16.3 ,16.0 ,16.2 
FUT6,86.6 ,91.6 ,221.1 
FUT10,11.3 ,9.7 ,7.8 
FUT11,254.2 ,258.3 ,128.0 
B4GALT1,217.3 ,367.7 ,395.6 
B4GALT2,53.4 ,57.5 ,64.0 
B4GALT3,212.6 ,645.5 ,596.8 
B4GALT4,131.8 ,230.8 ,273.9 
B4GALT5,641.2 ,672.0 ,830.6 
ST6GAL1,465.1 ,744.5 ,1580.4 
A4GALT,5.7 ,4.8 ,5.0 
ABO,32.3 ,31.3 ,29.5 
GAL3ST2,3.9 ,3.9 ,3.8 
GAL3ST3,9.2 ,8.8 ,8.8 
FUT1,17.4 ,13.8 ,15.3 
FUT2,44.8 ,61.7 ,58.1 
CHST2,155.9 ,154.3 ,113.8 
CHST4,4.8 ,7.8 ,20.5 
B3GNT2,523.3 ,1062.1 ,1039.1 
B3GNT4,12.7 ,11.0 ,12.5 
B3GNT8,18.1 ,16.0 ,16.1 
B3GNT3,12.3 ,18.7 ,29.7 
GCNT2,48.0 ,110.4 ,93.8 
GCNT3,6.6 ,11.3 ,28.5 
B3GAT1,4.2 ,4.2 ,4.8 
B3GAT2,9.5 ,10.8 ,10.7 
CHST10,57.6 ,70.2 ,77.6 
B4GALNT2,4.5 ,4.5 ,4.5 
ST8SIA2,4.9 ,4.8 ,3.9 
ST8SIA3,8.5 ,8.4 ,8.5 
ST8SIA4,151.6 ,179.1 ,181.1 
B3GALT1,4.5 ,4.5 ,4.5 
B3GALT2,7.7 ,7.6 ,7.6 
B3GALT5,46.6 ,58.3 ,25.6 
B3GALNT2,507.3 ,895.8 ,780.5 
CHST8,6.6 ,7.2 ,8.2 
CHST9,15.2 ,6.4 ,30.9 
FUT7,14.9 ,14.7 ,15.0 
PIGA,108.7 ,132.1 ,135.6 
PIGC,341.2 ,474.3 ,591.6 
PIGH,85.7 ,96.2 ,104.6 
PIGP,1803.3 ,1648.4 ,1752.6 
PIGQ,31.1 ,31.6 ,41.6 
PIGY,2131.8 ,2426.2 ,2077.3 
PIGL,39.1 ,22.6 ,15.3 
PIGW,106.7 ,725.7 ,212.5 
PIGM,159.3 ,395.3 ,372.0 
PIGX,260.7 ,375.5 ,393.9 
PIGV,325.7 ,248.1 ,316.7 
PIGN,45.6 ,134.4 ,72.3 
PIGB,162.9 ,179.6 ,139.6 
PIGZ,161.1 ,65.1 ,44.0 
PIGF,566.8 ,846.9 ,914.5 
PIGO,110.2 ,136.4 ,156.1 
PIGG,384.9 ,586.0 ,558.1 
GPAA1,661.8 ,941.9 ,835.0 
PIGK,364.8 ,440.9 ,315.0 
PIGT,665.2 ,768.7 ,892.2 
PIGU,91.5 ,136.8 ,200.6 
PIGS,144.3 ,160.1 ,87.5 
PGAP1,80.6 ,59.7 ,38.2 
MPPE1,239.2 ,258.9 ,224.3 
PGAP3,98.9 ,1757.9 ,1388.8 
PGAP2,115.6 ,160.8 ,138.1 
TMEM246,44.6 ,11.0 ,11.1 
B3GALT4,94.0 ,73.5 ,71.7 
TMEM8A,159.4 ,280.3 ,405.5 
GPLD1,154.2 ,10.2 ,6.8 
GDPD5,909.1 ,127.4 ,498.8 
ACE,104.5 ,52.7 ,42.2 
GALNT1,710.1 ,1241.2 ,1696.5 
GALNT10,143.4 ,355.7 ,234.4 
GALNT11,881.2 ,755.5 ,471.0 
GALNT12,156.5 ,77.7 ,34.8 
GALNT13,8.9 ,5.5 ,5.5 
GALNT14,45.2 ,65.0 ,319.1 
GALNT15,1154.0 ,33.1 ,23.1 
GALNT16,277.6 ,50.3 ,21.3 
GALNT18,54.2 ,77.1 ,54.1 
GALNTL5,5.2 ,5.2 ,5.1 
GALNTL6,8.4 ,8.4 ,8.3 
GALNT2,392.4 ,406.1 ,439.6 
GALNT17,13.4 ,7.2 ,6.6 
GALNT3,192.2 ,964.8 ,655.5 
GALNT4,88.7 ,96.6 ,82.6 
GALNT5,13.8 ,18.0 ,19.4 
GALNT6,48.6 ,892.6 ,1018.2 
GALNT7,390.1 ,4030.5 ,3795.6 
GALNT8,4.2 ,4.2 ,4.2 
GALNT9,10.9 ,10.9 ,11.1 
ST6GALNAC1,25.5 ,166.9 ,24.5 
ST6GALNAC2,69.0 ,248.0 ,223.4 
C1GALT1,113.8 ,125.5 ,222.9 
C1GALT1C1,380.2 ,601.2 ,607.1 
ST3GAL1,90.9 ,171.3 ,266.3 
A4GNT,4.7 ,4.7 ,4.6 
ST6GALNAC3,53.6 ,11.2 ,10.0 
ST6GALNAC4,73.2 ,144.6 ,137.7 
GCNT1,26.6 ,90.3 ,107.0 
GCNT4,4.7 ,4.7 ,4.7 
B3GNT6,10.2 ,10.4 ,10.0 
GAL3ST4,108.8 ,140.2 ,194.0 
POFUT1,158.3 ,152.0 ,188.4 
POFUT2,147.6 ,197.0 ,272.3 
B3GLCT,15.7 ,15.6 ,11.1 
LFNG,295.8 ,648.8 ,351.1 
MFNG,195.8 ,137.9 ,94.7 
RFNG,240.7 ,142.3 ,226.9 
POMT1,50.6 ,38.4 ,48.0 
POMT2,77.2 ,76.8 ,60.7 
POMGNT1,127.6 ,158.7 ,196.3 
POMGNT2,291.5 ,212.1 ,201.4 
POMK,3.9 ,4.0 ,3.9 
FKTN,77.4 ,92.0 ,66.4 
FKRP,80.0 ,65.9 ,73.6 
RXYLT1,183.3 ,192.5 ,222.5 
B4GAT1,363.2 ,163.6 ,199.6 
LARGE1,21.2 ,20.7 ,22.0 
LARGE2,25.7 ,67.7 ,115.2 
OGT,2681.9 ,2787.7 ,2338.1 
MGEA5,1535.1 ,951.8 ,943.6 
EOGT,319.3 ,189.1 ,73.2 
POGLUT1,134.3 ,192.0 ,164.5 
GXYLT1,307.2 ,276.0 ,249.4 
GXYLT2,766.5 ,1388.0 ,429.2 
XXYLT1,25.3 ,38.3 ,28.9 
KDELC1,91.2 ,161.0 ,109.9 
KDELC2,315.5 ,191.2 ,134.8 
PLOD3,754.6 ,774.5 ,926.7 
COLGALT1,282.9 ,238.0 ,290.4 
COLGALT2,31.0 ,18.4 ,15.5 
TMTC1,870.3 ,127.5 ,43.1 
TMTC2,64.0 ,142.0 ,148.1 
TMTC3,257.0 ,317.5 ,376.1 
TMTC4,105.3 ,448.0 ,362.9 
DAG1,716.9 ,818.7 ,658.3 
DPY19L1,147.8 ,160.2 ,128.1 
DPY19L2,66.6 ,17.5 ,37.8 
DPY19L3,242.9 ,308.8 ,365.5 
DPY19L4,395.1 ,362.0 ,396.9 
XYLT1,320.9 ,215.0 ,132.6 
XYLT2,48.6 ,58.7 ,72.9 
B4GALT7,96.9 ,87.2 ,95.8 
FAM20B,444.4 ,645.0 ,585.2 
B3GALT6,125.3 ,124.4 ,109.1 
B3GAT3,47.4 ,58.3 ,95.7 
PXYLP1,252.2 ,416.3 ,479.4 
EXTL2,203.2 ,184.0 ,157.0 
EXTL3,10.3 ,9.5 ,10.7 
EXT1,407.5 ,312.3 ,321.1 
EXT2,481.6 ,399.3 ,394.7 
EXTL1,6.6 ,6.8 ,6.5 
CSGALNACT1,472.0 ,513.8 ,385.3 
CSGALNACT2,511.0 ,613.4 ,662.6 
CHSY1,1109.4 ,1643.8 ,1207.5 
CHPF,84.7 ,122.6 ,143.1 
CHSY3,32.1 ,88.0 ,23.1 
CHPF2,139.7 ,259.3 ,275.3 
DSE,1097.8 ,701.0 ,562.0 
DSEL,168.9 ,69.4 ,10.2 
NDST1,159.4 ,141.6 ,76.8 
NDST2,287.2 ,253.0 ,243.5 
NDST3,5.5 ,5.5 ,5.4 
NDST4,5.7 ,5.7 ,5.7 
GLCE,89.7 ,110.0 ,148.1 
HS2ST1,198.6 ,148.9 ,159.4 
HS6ST1,220.4 ,306.0 ,300.6 
HS6ST2,21.2 ,484.1 ,39.5 
HS6ST3,7.4 ,32.0 ,10.1 
HS3ST1,49.0 ,82.3 ,248.9 
HS3ST2,40.2 ,128.0 ,127.8 
HS3ST3A1,10.5 ,32.7 ,19.2 
HS3ST3B1,36.9 ,93.2 ,98.4 
HS3ST5,4.7 ,4.7 ,4.7 
HS3ST6,4.3 ,4.6 ,4.2 
SULF1,333.2 ,2343.9 ,2118.6 
SULF2,496.7 ,1461.1 ,540.9 
CHST11,45.3 ,118.3 ,137.1 
CHST12,421.2 ,449.9 ,418.8 
CHST13,11.9 ,13.0 ,11.5 
CHST14,110.2 ,124.3 ,95.3 
UST,126.3 ,17.1 ,8.2 
CHST3,96.1 ,39.2 ,18.8 
CHST7,163.8 ,52.7 ,41.5 
CHST15,462.4 ,870.5 ,1178.3 
CHST5,5.3 ,5.3 ,5.3 
CHST6,4.1 ,5.6 ,4.1 
CHST1,11.4 ,208.4 ,179.9 
B3GNT7,64.0 ,101.4 ,84.9 
SPTLC1,1763.3 ,1968.3 ,1740.9 
SPTLC2,180.6 ,217.6 ,230.9 
ORMDL1,402.5 ,522.3 ,568.6 
ORMDL2,315.2 ,623.7 ,835.9 
ORMDL3,1098.8 ,1878.3 ,2445.2 
KDSR,367.5 ,325.0 ,270.6 
CERS2,584.8 ,1843.9 ,1994.6 
CERS3,5.7 ,5.6 ,5.6 
CERS4,55.3 ,108.4 ,204.5 
CERS5,236.4 ,246.7 ,256.0 
CERS6,410.5 ,1649.1 ,2515.9 
DEGS1,1650.0 ,3587.5 ,3160.1 
DEGS2,24.5 ,209.9 ,136.9 
ASAH1,7812.3 ,5905.2 ,7470.4 
ASAH2B,6.4 ,10.7 ,20.3 
ACER1,5.5 ,5.4 ,5.4 
ACER3,792.5 ,425.1 ,427.0 
SGPP1,567.9 ,587.2 ,450.6 
SGPP2,5.8 ,11.1 ,101.8 
SPHK1,20.5 ,77.7 ,31.0 
SPHK2,21.5 ,21.4 ,24.2 
SGPL1,213.4 ,521.4 ,658.5 
CERK,208.7 ,188.8 ,161.4 
PLPP1,4374.9 ,1908.3 ,798.4 
PLPP3,6879.1 ,1831.6 ,1101.4 
PLPP2,101.1 ,399.2 ,647.0 
SGMS1,574.1 ,416.6 ,430.2 
SGMS2,367.2 ,319.6 ,273.0 
SMPD1,92.8 ,103.8 ,101.5 
SMPD2,65.9 ,71.2 ,72.4 
SMPD3,8.8 ,8.9 ,8.8 
SMPD4,124.5 ,159.2 ,139.9 
SMPDL3A,346.7 ,570.4 ,272.3 
SMPDL3B,9.3 ,10.1 ,20.0 
ENPP7,24.0 ,24.5 ,33.8 
UGCG,684.1 ,2364.0 ,1930.7 
GBA,78.6 ,109.9 ,126.9 
GBA2,87.6 ,90.1 ,80.3 
UGT8,32.0 ,71.7 ,5.6 
GALC,518.6 ,622.2 ,593.4 
PSAP,10608.4 ,10781.9 ,12602.0 
COL4A3BP,845.8 ,435.3 ,324.3 
PLEKHA8,66.9 ,186.2 ,178.2 
NAAA,232.0 ,286.0 ,260.6 
ELOVL1,669.8 ,654.6 ,876.6 
ELOVL2,17.1 ,26.1 ,98.7 
ELOVL3,4.6 ,3.7 ,3.7 
ELOVL4,9.0 ,32.6 ,8.8 
ELOVL5,11440.2 ,5059.5 ,5132.4 
ELOVL6,192.8 ,136.0 ,98.5 
ELOVL7,128.5 ,82.4 ,50.5 
HSD17B12,1725.0 ,1597.7 ,1599.0 
HACD1,97.9 ,66.0 ,63.3 
HACD2,2353.7 ,925.4 ,1017.2 
HACD3,1117.9 ,3278.2 ,4353.0 
HACD4,162.9 ,141.2 ,82.2 
TECR,606.0 ,465.5 ,473.6 
B4GALT6,127.2 ,51.7 ,17.8 
B3GNT5,107.1 ,160.3 ,499.8 
B4GALNT1,4.7 ,4.7 ,4.7 
ST3GAL5,238.5 ,267.8 ,157.6 
GAL3ST1,4.6 ,4.5 ,4.5 
CPTP,212.9 ,217.4 ,218.1 
GLA,259.7 ,765.6 ,529.2 
B3GALNT1,105.1 ,327.9 ,326.8 
HEXA,746.2 ,721.0 ,844.8 
HEXB,2370.2 ,2764.9 ,2588.9 
GBGT1,123.0 ,105.6 ,102.9 
NAGA,173.9 ,207.3 ,242.5 
ST3GAL2,184.7 ,172.5 ,155.2 
ST8SIA1,27.0 ,21.9 ,21.8 
ST6GALNAC5,9.7 ,29.9 ,18.6 
ST6GALNAC6,103.7 ,30.3 ,22.3 
ST8SIA5,36.6 ,33.4 ,33.7 
GALK1,6.3 ,6.6 ,7.9 
GALK2,321.9 ,267.2 ,164.3 
GALT,215.9 ,106.0 ,111.7 
GALE,30.3 ,34.7 ,65.7 
UGDH,1022.2 ,1610.6 ,2182.3 
UXS1,508.9 ,646.9 ,512.4 
UGP2,8153.3 ,2642.4 ,2655.5 
PGM2,314.9 ,691.9 ,580.2 
HK1,812.6 ,1385.5 ,1398.4 
HK2,714.3 ,405.1 ,428.8 
HK3,6.6 ,11.5 ,6.0 
G6PC,6.6 ,7.1 ,6.4 
GCK,4.7 ,4.9 ,4.7 
GPI,1790.7 ,1437.2 ,1740.4 
GFPT1,481.8 ,575.8 ,751.3 
GFPT2,311.7 ,156.2 ,78.3 
GNPDA1,484.6 ,529.6 ,545.3 
GNPNAT1,424.0 ,911.3 ,1037.2 
AMDHD2,30.7 ,32.8 ,42.4 
NAGK,574.8 ,931.6 ,1329.2 
RENBP,5.8 ,4.6 ,5.5 
NT5M,5.0 ,5.0 ,5.0 
GNE,368.1 ,682.8 ,730.7 
NANS,440.7 ,1084.5 ,966.7 
CMAS,95.5 ,126.5 ,137.3 
PGM3,222.6 ,326.1 ,398.2 
UAP1,1719.1 ,2300.3 ,3683.1 
MPI,36.6 ,30.4 ,42.1 
PMM1,161.2 ,85.1 ,70.3 
PMM2,179.3 ,350.1 ,489.7 
GMPPB,144.5 ,250.0 ,244.0 
GMDS,102.8 ,269.7 ,409.3 
TSTA3,243.0 ,1541.0 ,1189.8 
FPGT,138.7 ,142.9 ,142.5 
FUK,110.8 ,131.1 ,155.0 
CTNS,115.1 ,102.6 ,97.7 
CHGA,6.7 ,5.4 ,181.1 
PFKL,244.8 ,310.7 ,285.1 
PFKP,311.9 ,521.2 ,791.1 
PFKM,251.2 ,225.3 ,246.4 
GNPDA2,106.9 ,133.0 ,106.0 
TGDS,183.8 ,165.5 ,187.1 
ALDOB,13.7 ,13.3 ,13.0 
H6PD,285.8 ,218.4 ,192.3 
PGM5,405.1 ,53.6 ,33.8 
ALDOC,963.7 ,125.2 ,115.7 
NPL,203.0 ,409.2 ,356.4 
FBP2,4.6 ,4.6 ,4.5 
PFKFB2,46.8 ,93.8 ,54.5 
PFKFB3,6256.3 ,593.8 ,919.2 
G6PC2,3.9 ,3.9 ,3.8 
FBP1,87.4 ,431.4 ,498.2 
GMPPA,91.7 ,156.4 ,150.1 
KHK,24.4 ,20.9 ,28.2 
SLC2A1,28.5 ,119.4 ,138.8 
SLC2A2,4.2 ,4.2 ,4.2 
SLC2A3,168.7 ,287.0 ,385.9 
SLC2A4,5.4 ,5.1 ,5.1 
SLC2A5,42.4 ,46.2 ,69.9 
SLC2A8,53.2 ,49.0 ,51.8 
SLC2A10,280.1 ,1368.4 ,1199.7 
SLC2A12,13.1 ,11.7 ,153.2 
SLC5A1,7.1 ,33.9 ,43.5 
SLC17A5,425.7 ,587.3 ,449.6 
SLC26A2,454.4 ,509.0 ,746.3 
SLC35A1,733.7 ,889.4 ,770.6 
SLC35A2,231.5 ,799.2 ,893.4 
SLC35A3,575.7 ,1005.8 ,1424.9 
SLC35A4,406.1 ,391.4 ,363.1 
SLC35A5,341.5 ,359.3 ,312.8 
SLC35B1,213.5 ,401.5 ,1021.9 
SLC35B2,279.6 ,590.2 ,589.6 
SLC35B3,633.7 ,805.6 ,619.2 
SLC35B4,212.4 ,174.8 ,165.0 
SLC35C1,152.8 ,141.1 ,208.0 
SLC35C2,382.1 ,499.3 ,535.0 
SLC35D1,219.7 ,394.8 ,427.4 
SLC35D2,219.8 ,193.9 ,122.3 
SLC35D3,4.8 ,4.8 ,4.8 
SLC35E1,3666.2 ,3877.7 ,2937.0 
SLC35E2A,1582.9 ,1522.5 ,1066.9 
SLC35E3,217.6 ,268.2 ,298.1 
SLC35E4,8.0 ,5.9 ,11.4 
SLC35F1,5.0 ,4.7 ,4.7 
SLC35F2,11.7 ,48.9 ,49.6 
SLC35F3,27.6 ,109.6 ,13.6 
SLC35F4,7.5 ,7.4 ,7.3 
SLC35F5,639.5 ,1428.4 ,1739.0 
SLC35F6,582.2 ,525.4 ,569.3 
SLC35G1,22.0 ,8.2 ,5.9 
SLC35G2,168.4 ,32.3 ,34.1 
SLC35G3,6.9 ,6.8 ,7.0 
SLC37A4,95.2 ,122.3 ,187.2 
SLC39A8,225.9 ,448.5 ,373.7 
CANT1,450.1 ,1284.7 ,1896.1 
IMPAD1,790.4 ,985.0 ,640.5 
COG1,323.9 ,225.0 ,613.2 
COG2,186.9 ,328.7 ,441.1 
COG3,95.5 ,113.0 ,147.3 
COG4,217.9 ,209.9 ,205.8 
COG5,256.1 ,313.8 ,377.3 
COG6,400.2 ,396.8 ,285.9 
COG7,184.4 ,292.0 ,400.3 
COG8,95.9 ,92.5 ,61.0 
GOLPH3,1605.3 ,2575.8 ,2594.5 
ATP6AP1,522.0 ,1339.0 ,1560.3 
ATP6AP2,7830.1 ,10005.4 ,9341.7 
ATP6V0A2,69.9 ,62.6 ,37.0 
ATP6V1E1,972.9 ,873.7 ,1244.9 
ATP6V1A,976.5 ,1648.8 ,1647.5 
TMEM199,52.2 ,101.5 ,117.3 
CCDC115,375.5 ,381.1 ,274.4 
TMEM165,728.5 ,1633.0 ,1403.1 
GLTP,661.2 ,831.7 ,830.8 
CLGN,7.2 ,192.1 ,808.4 
CALR3,5.4 ,5.4 ,5.3 
ACAN,40.5 ,41.3 ,44.2 
VCAN,3143.3 ,9956.9 ,6152.1 
NCAN,4.2 ,4.2 ,4.1 
BCAN,8.0 ,7.9 ,7.7 
FREM1,58.6 ,15.0 ,8.4 
ASGR1,5.9 ,5.9 ,5.9 
ASGR2,5.4 ,5.5 ,5.3 
CLEC10A,120.6 ,131.0 ,54.5 
COLEC12,1020.1 ,479.5 ,430.5 
CD207,3.9 ,5.9 ,3.9 
CLEC4F,4.4 ,32.1 ,4.4 
CLEC4E,13.3 ,14.2 ,17.2 
CLEC4C,8.2 ,8.9 ,9.4 
CLEC4D,5.4 ,5.4 ,5.3 
CLEC4A,60.3 ,101.1 ,81.8 
FCER2,5.7 ,5.7 ,5.6 
CD209,337.4 ,62.1 ,41.4 
CLEC4M,5.2 ,5.2 ,5.2 
CLEC4G,6.5 ,4.4 ,4.3 
MBL2,5.4 ,5.3 ,5.3 
SFTPA1,5.8 ,5.8 ,5.7 
SFTPD,6.9 ,7.7 ,6.0 
SFTPB,22.6 ,21.6 ,19.7 
SFTPC,8.5 ,7.4 ,7.1 
COLEC11,22.8 ,13.0 ,12.3 
COLEC10,3.5 ,3.5 ,3.5 
SELL,40.3 ,385.0 ,226.1 
SELE,8.1 ,37.1 ,20.1 
SELP,168.4 ,111.0 ,28.1 
CLEC2L,5.9 ,5.8 ,6.1 
CLEC5A,4.4 ,9.1 ,9.7 
CD72,12.8 ,37.6 ,64.9 
KLRG1,4.3 ,4.3 ,5.2 
KLRG2,39.7 ,167.0 ,135.1 
CD69,29.6 ,144.6 ,147.0 
KLRF1,12.7 ,12.2 ,6.3 
CLEC2B,1774.1 ,1189.0 ,1173.1 
OLR1,12.2 ,36.8 ,205.3 
KLRD1,9.5 ,9.6 ,12.7 
CLEC1A,32.3 ,11.5 ,7.7 
CLEC1B,5.4 ,5.4 ,5.4 
CLEC12B,6.9 ,6.9 ,6.8 
CLECL1,24.1 ,79.5 ,30.4 
CLEC12A,9.5 ,13.0 ,11.2 
CLEC7A,62.7 ,402.1 ,560.6 
CLEC2D,10.0 ,11.3 ,16.5 
KLRB1,40.0 ,91.8 ,42.8 
KLRC1,32.4 ,28.6 ,44.0 
KLRC4,7.1 ,7.1 ,7.1 
KLRC3,6.9 ,7.3 ,10.0 
MRC1,2350.9 ,898.0 ,517.7 
MRC2,1310.4 ,1073.7 ,519.9 
PLA2R1,191.9 ,76.5 ,41.6 
LY75,2361.6 ,791.6 ,400.1 
REG1A,7.6 ,7.6 ,8.1 
REG1B,3.7 ,3.7 ,3.7 
REG3A,6.4 ,6.4 ,6.4 
REG3G,5.7 ,5.7 ,5.6 
REG4,8.5 ,8.4 ,8.5 
LAYN,88.6 ,109.4 ,64.4 
CHODL,5.1 ,12.4 ,4.5 
CLEC3B,6992.4 ,343.6 ,81.2 
CLEC3A,4.7 ,8.0 ,5.3 
CLEC11A,57.5 ,171.1 ,115.0 
PKD1,288.1 ,151.3 ,157.7 
PKD2,1028.7 ,494.9 ,303.1 
PKD1L2,55.0 ,4.1 ,4.2 
ATRN,273.0 ,289.8 ,259.2 
ATRNL1,6.1 ,8.0 ,25.7 
PRG2,8.4 ,9.5 ,8.0 
PRG3,4.3 ,4.3 ,4.3 
DGCR2,244.8 ,290.7 ,243.3 
CD248,1323.9 ,407.4 ,137.6 
CD93,1387.0 ,823.5 ,526.0 
THBD,237.1 ,209.6 ,104.7 
CLEC14A,271.6 ,74.8 ,53.8 
CLEC18A,4.3 ,4.3 ,4.4 
CLEC16A,20.4 ,25.1 ,31.2 
FBXO2,71.8 ,29.4 ,263.2 
FBXO6,125.8 ,182.7 ,363.2 
FBXO17,39.8 ,13.2 ,9.9 
FBXO27,4.9 ,4.9 ,4.9 
FBXO44,24.1 ,21.9 ,22.0 
CD83,138.8 ,278.5 ,316.5 
ICAM1,101.9 ,105.4 ,237.1 
ICAM2,1627.5 ,546.4 ,452.8 
ICAM5,3.6 ,3.6 ,3.6 
L1CAM,12.4 ,13.6 ,13.2 
NCAM1,43.1 ,8.3 ,7.6 
PECAM1,3866.4 ,1614.4 ,849.5 
VCAM1,289.1 ,568.2 ,482.8 
CD22,11.2 ,25.3 ,13.4 
CD33,14.6 ,11.2 ,9.1 
MAG,6.8 ,6.8 ,6.7 
SIGLEC1,351.8 ,106.6 ,140.0 
SIGLEC10,15.3 ,28.5 ,74.1 
SIGLEC11,10.6 ,5.5 ,5.2 
SIGLEC15,39.4 ,162.0 ,48.3 
SIGLEC16,6.5 ,5.0 ,5.0 
SIGLEC5,4.7 ,4.7 ,4.7 
SIGLEC6,9.1 ,9.4 ,9.2 
SIGLEC7,45.0 ,45.5 ,45.0 
SIGLEC8,8.3 ,8.3 ,8.3 
SIGLEC9,5.8 ,5.8 ,5.7 
SIGLECL1,5.0 ,5.0 ,4.9 
MASP1,10.4 ,3.8 ,3.5 
MASP2,5.8 ,5.8 ,5.8 
MCFD2,1582.9 ,1485.9 ,1182.7 
PDIA3,2400.3 ,4342.3 ,4631.8 
LMAN1L,6.0 ,5.9 ,6.0 
TMED1,138.7 ,90.7 ,106.0 
TMED10,4261.3 ,3911.2 ,3953.9 
TMED2,5651.7 ,8497.7 ,8726.0 
TMED3,445.6 ,2133.5 ,1738.2 
TMED4,726.0 ,1340.0 ,1546.1 
TMED5,1320.4 ,1389.9 ,1700.9 
TMED6,4.5 ,6.2 ,4.4 
TMED7,535.2 ,622.7 ,600.1 
TMED8,393.6 ,403.2 ,416.7 
TMED9,2098.7 ,3568.6 ,3725.6 
ERLEC1,1305.0 ,2015.1 ,2155.3 
CLC,5.7 ,27.3 ,5.5 
LGALS1,19148.6 ,10720.0 ,8040.2 
LGALS12,899.8 ,27.0 ,75.2 
LGALS13,4.2 ,4.2 ,4.2 
LGALS14,3.9 ,3.9 ,3.8 
LGALS2,6.4 ,62.9 ,23.2 
LGALS3,22252.8 ,11689.9 ,10044.1 
LGALS4,4.0 ,4.0 ,4.0 
LGALS8,848.0 ,1342.6 ,1156.3 
LGALS9,113.7 ,178.6 ,195.2 
LGALSL,314.3 ,279.3 ,334.1 
AGRN,93.8 ,196.4 ,142.1 
LYZL4,4.0 ,4.0 ,4.2 
ANXA4,1534.4 ,1666.0 ,1614.5 
ANXA5,4827.7 ,3224.7 ,2855.4 
ANXA7,2078.7 ,2344.1 ,2341.7 
ANXA9,9.2 ,116.1 ,98.4 
CHI3L1,505.1 ,2415.8 ,922.1 
CHIA,4.6 ,4.6 ,4.6 
CHIT1,5.6 ,44.0 ,21.3 
CTBS,211.6 ,274.4 ,296.2 
OVGP1,33.3 ,43.8 ,59.5 
GPNMB,6847.1 ,6795.3 ,6358.9 
HABP4,205.0 ,99.7 ,86.2 
MDK,171.8 ,837.9 ,1097.4 
SDCBP,7254.8 ,6958.9 ,4570.0 
SDCBP2,24.0 ,46.5 ,47.8 
HMMR,14.8 ,261.4 ,277.1 
FCN1,35.4 ,25.2 ,21.6 
FCN2,27.7 ,11.2 ,7.4 
FCN3,5.1 ,4.5 ,4.9 
ITLN1,5.3 ,4.7 ,4.6 
CD1D,8.6 ,20.3 ,9.9 
GYG1,1390.3 ,1664.6 ,1591.5 
GYS1,186.6 ,102.0 ,112.4 
GYS2,25.2 ,5.0 ,4.9 
GBE1,2356.2 ,821.1 ,421.9 
PYGL,1984.9 ,258.9 ,265.5 
PYGM,40.2 ,4.1 ,4.1 
PYGB,492.7 ,296.1 ,548.2 
AGL,1066.3 ,1161.6 ,1460.3 
AMY1A,281.2 ,135.2 ,104.3 
AMY2B,270.1 ,173.5 ,178.3 
MGAM,8.3 ,51.4 ,8.2 
HAS3,22.2 ,27.5 ,23.8 
HAS1,17.4 ,7.7 ,11.2 
HAS2,50.6 ,56.8 ,24.7 
HYAL1,15.0 ,4.2 ,4.2 
HYAL2,377.7 ,384.4 ,287.6 
HYAL3,4.5 ,4.9 ,4.6 
SPAM1,5.4 ,5.4 ,5.3 
CEMIP,4.2 ,23.8 ,77.5 
CEMIP2,102.4 ,122.2 ,133.4 
GUSB,1090.6 ,2256.5 ,1508.0 
CD44,4410.3 ,5630.0 ,3255.2 
ARSA,7.1 ,6.9 ,6.9 
ARSB,26.9 ,39.1 ,31.1 
ARSI,5.2 ,7.3 ,5.3 
ARSG,9.2 ,21.1 ,38.1 
ARSE,4.5 ,4.5 ,4.4 
ARSD,263.0 ,829.9 ,542.4 
ARSF,4.5 ,4.7 ,4.5 
ARSJ,9.1 ,14.9 ,59.1 
ARSK,25.8 ,17.4 ,21.1 
STS,276.2 ,280.7 ,163.7 
GALNS,113.8 ,174.9 ,213.0 
IDS,908.6 ,735.2 ,676.8 
SGSH,548.4 ,444.6 ,532.4 
TPST1,123.2 ,78.7 ,31.9 
TPST2,487.2 ,248.2 ,308.0 
PAPSS1,878.9 ,1292.9 ,1273.1 
PAPSS2,1682.5 ,2696.0 ,1861.0 
FUCA1,1274.5 ,1554.3 ,1542.8 
AGA,320.7 ,549.5 ,544.9 
NEU1,222.0 ,354.5 ,541.7 
GLB1,527.5 ,942.8 ,1721.6 
MAN2B2,604.2 ,697.0 ,521.9 
MAN2B1,591.7 ,725.8 ,688.3 
MANBA,191.3 ,167.1 ,198.2 
CTSA,1190.9 ,1470.5 ,1653.1 
GM2A,708.6 ,1258.4 ,1197.9 
IDUA,92.3 ,136.5 ,83.1 
HGSNAT,898.5 ,868.1 ,846.8 
NAGLU,225.7 ,129.0 ,123.9 
GNS,3843.6 ,2336.6 ,2279.9 
SUMF1,907.9 ,1267.0 ,1040.9 
HPSE,14.5 ,19.8 ,28.8 
HPSE2,5.5 ,5.4 ,5.4 
HYAL4,6.0 ,5.8 ,5.8 
ACHE,9.9 ,10.0 ,11.8 
ALPI,4.6 ,4.6 ,4.6 
ALPL,15.6 ,17.9 ,13.2 
ALPP,5.1 ,5.1 ,5.1 
ALPPL2,22.4 ,18.8 ,21.2 
ART1,5.5 ,5.5 ,5.4 
ART3,4.9 ,266.3 ,144.0 
ART4,6.2 ,5.7 ,5.8 
BST1,28.6 ,14.4 ,7.9 
BST2,432.2 ,535.9 ,844.6 
CA4,521.9 ,10.0 ,6.8 
CD109,572.5 ,533.2 ,173.0 
CD14,2174.8 ,1202.8 ,1184.6 
CD160,6.0 ,6.0 ,6.0 
CD177,4.6 ,4.7 ,4.5 
CD24,4368.7 ,21482.0 ,19829.8 
CD48,84.9 ,344.5 ,270.3 
CD52,195.0 ,1676.1 ,802.0 
CD55,1044.2 ,702.6 ,889.2 
CD58,544.2 ,647.0 ,627.9 
CD59,3918.5 ,3670.5 ,1791.5 
CDH13,77.8 ,37.9 ,29.4 
CEACAM5,21.6 ,21.5 ,21.7 
CEACAM6,31.4 ,8414.1 ,11685.0 
CEACAM7,5.9 ,38.8 ,5.9 
CEACAM8,5.7 ,5.7 ,5.7 
CFC1,4.4 ,4.4 ,4.4 
CNTFR,51.9 ,46.4 ,48.1 
CNTN1,83.2 ,96.2 ,26.0 
CNTN2,5.2 ,5.2 ,5.1 
CNTN3,151.1 ,162.4 ,44.5 
CNTN4,57.7 ,23.2 ,22.9 
CNTN5,7.9 ,7.7 ,7.8 
CNTN6,7.2 ,7.1 ,7.1 
CPM,1817.5 ,348.9 ,249.9 
CPO,4.4 ,4.5 ,4.3 
DPEP1,3.9 ,4.0 ,4.3 
DPEP2,8.9 ,11.7 ,9.1 
DPEP3,8.5 ,6.3 ,6.4 
EFNA1,549.6 ,1233.4 ,1520.0 
EFNA2,5.9 ,5.9 ,5.8 
EFNA3,32.2 ,189.4 ,89.9 
EFNA4,46.5 ,254.0 ,276.5 
EFNA5,260.7 ,294.8 ,117.6 
ENPP6,18.4 ,6.7 ,6.6 
FCGR3B,40.3 ,61.5 ,560.3 
FOLR1,70.6 ,63.6 ,46.4 
FOLR2,1011.4 ,337.9 ,205.6 
GAS1,9511.9 ,3076.0 ,1230.1 
GFRA1,261.2 ,51.4 ,532.0 
GFRA2,10.3 ,5.6 ,5.1 
GFRA3,5.4 ,15.8 ,5.3 
GFRA4,5.5 ,5.5 ,5.5 
GLIPR1L1,4.8 ,4.8 ,4.7 
GML,3.5 ,3.5 ,3.5 
GP2,7.2 ,160.6 ,43.2 
GPC1,107.0 ,180.9 ,140.6 
GPC2,27.5 ,33.0 ,39.9 
GPC3,1160.6 ,70.6 ,43.7 
GPC4,75.8 ,348.0 ,178.3 
GPC5,5.6 ,5.5 ,5.5 
GPC6,714.1 ,336.4 ,150.4 
GPIHBP1,459.3 ,13.4 ,8.0 
HJV,6.1 ,6.1 ,6.4 
LPL,17680.4 ,719.1 ,168.6 
LSAMP,8.0 ,8.0 ,8.0 
LY6D,10.9 ,10.7 ,7.9 
LY6E,264.4 ,457.1 ,608.4 
LY6G6C,5.0 ,5.5 ,5.3 
LY6G6D,6.0 ,6.0 ,6.0 
LY6H,7.2 ,7.3 ,7.3 
LY6K,204.7 ,61.4 ,137.4 
LYNX1,113.6 ,111.3 ,41.8 
LYPD1,4.3 ,4.3 ,4.3 
LYPD3,7.0 ,22.0 ,30.4 
LYPD4,5.9 ,5.8 ,5.8 
LYPD5,3.8 ,3.8 ,3.8 
LYPD6B,6.9 ,17.8 ,26.3 
LYPD8,5.1 ,5.1 ,5.5 
MDGA1,19.2 ,14.6 ,15.2 
MDGA2,8.2 ,8.0 ,8.2 
MELTF,447.5 ,309.2 ,197.1 
MMP17,4.9 ,4.7 ,4.7 
MMP25,10.3 ,15.8 ,10.1 
MSLN,5.2 ,5.6 ,5.2 
NEGR1,498.0 ,102.1 ,43.1 
NRN1,523.6 ,89.2 ,16.2 
NT5E,669.3 ,181.7 ,101.4 
NTM,363.0 ,224.0 ,257.5 
NTNG1,6.7 ,20.6 ,5.4 
NTNG2,6.3 ,6.3 ,6.5 
OMG,6.0 ,6.0 ,6.0 
OPCML,6.8 ,6.8 ,7.0 
OTOA,6.1 ,8.3 ,7.4 
PLAUR,60.9 ,256.2 ,415.4 
PRND,8.2 ,18.1 ,10.1 
PRNP,4834.8 ,3687.7 ,1651.7 
PRSS21,14.4 ,111.9 ,7.2 
PSCA,7.1 ,114.0 ,31.7 
RECK,977.0 ,257.0 ,121.1 
RGMA,607.3 ,121.7 ,38.9 
RGMB,173.2 ,206.8 ,145.6 
RTN4R,6.4 ,7.3 ,17.0 
RTN4RL1,31.2 ,15.9 ,22.4 
RTN4RL2,4.7 ,4.7 ,4.6 
SEMA7A,11.8 ,14.2 ,14.8 
SPACA4,3.9 ,3.9 ,3.8 
SPRN,17.4 ,15.1 ,16.6 
TDGF1,10.2 ,12.6 ,10.2 
TECTA,7.3 ,7.2 ,7.2 
TECTB,4.0 ,4.0 ,4.0 
TEX101,6.7 ,8.1 ,7.0 
TFPI,1372.4 ,843.4 ,254.2 
THY1,386.3 ,830.8 ,500.0 
TNFRSF10C,29.9 ,30.3 ,29.3 
TREH,4.7 ,4.7 ,4.7 
ULBP1,5.0 ,5.0 ,4.9 
ULBP2,4.7 ,5.5 ,4.6 
ULBP3,5.4 ,5.3 ,5.3 
UMOD,4.4 ,4.4 ,4.3 
VNN1,64.0 ,33.5 ,24.7 
VNN2,8.8 ,16.2 ,84.8 
XPNPEP2,20.6 ,7.2 ,7.0 
CACNA2D1,1235.3 ,175.2 ,45.2 
CACNA2D2,53.9 ,54.2 ,69.6 
CACNA2D3,7.2 ,12.3 ,6.9 
CACNA2D4,30.6 ,14.8 ,14.3 
LYPD6,9.3 ,10.0 ,11.2 
MICA,149.3 ,115.4 ,105.1 
NYX,5.2 ,5.3 ,5.1 
PRSS8,54.3 ,498.4 ,647.5 
VTCN1,175.5 ,706.6 ,876.3 
LUM,12057.9 ,14918.0 ,10803.1 
FMOD,2535.7 ,649.4 ,1714.6 
CSPG4,64.8 ,26.2 ,19.1 
CSPG5,18.4 ,26.2 ,19.0 
SMC3,847.5 ,752.5 ,799.1 
DCN,26859.2 ,10682.6 ,6602.7 
BGN,512.5 ,2522.2 ,1623.8 
COL9A2,19.2 ,50.7 ,136.2 
CD74,9752.3 ,17667.6 ,20494.6 
SRGN,5518.7 ,7820.4 ,9278.1 
HSPG2,3572.9 ,1572.8 ,974.2 
SDC1,134.8 ,2080.2 ,2698.1 
SDC2,2537.6 ,1107.5 ,752.6 
SDC3,117.1 ,141.0 ,117.5 
SDC4,602.9 ,1163.2 ,2164.8 
UGT1A10,9.6 ,9.4 ,9.4 
UGT1A5,4.9 ,4.9 ,4.9 
UGT2A1,8.2 ,7.9 ,7.9 
UGT2B28,15.5 ,115.5 ,5.9 
UGT1A1,4.2 ,4.2 ,4.2 
UGT1A6,4.0 ,3.9 ,3.9 
UGT2B15,7.3 ,17.1 ,7.7 
UGT2B17,6.7 ,6.6 ,6.7 
UGT2B4,12.2 ,6.7 ,5.7 
UGT3A1,5.2 ,5.1 ,5.1 
UGT2A3,7.0 ,6.9 ,6.9 
B3GNTL1,27.6 ,28.7 ,42.4 
GTDC1,245.1 ,122.5 ,84.4 
GLT8D1,1000.5 ,1078.7 ,791.9 
GLT8D2,1170.3 ,1122.7 ,369.7 
GYG2,3803.5 ,151.0 ,67.9 
GCNT7,13.5 ,13.5 ,14.0 
CERCAM,218.2 ,505.3 ,333.0 
B3GNT9,104.2 ,122.4 ,114.6 
MGAT4D,5.1 ,5.1 ,5.0 
MGAT4C,7.2 ,7.0 ,7.0 
KLB,1960.6 ,61.3 ,73.6 
KL,60.0 ,10.2 ,9.5 
LCT,5.1 ,46.3 ,4.9 
LCTL,6.7 ,6.6 ,6.6 
SLC3A2,295.8 ,272.3 ,500.5 
SLC3A1,46.9 ,86.0 ,74.8 
CHI3L2,40.3 ,344.8 ,17.3 
LYZL6,4.9 ,4.9 ,5.0 
HEXDC,68.6 ,38.8 ,65.9 
LYZ,2085.2 ,8176.0 ,12050.9 
LYZL1,6.4 ,6.3 ,6.2 
SPACA3,5.4 ,5.4 ,5.3 
LALBA,4.5 ,625.5 ,4.5 
LYG1,5.8 ,6.1 ,7.9 
LYG2,8.3 ,8.3 ,8.3 
FUCA2,430.8 ,467.3 ,588.9 
GAA,203.7 ,241.8 ,347.9 
GANC,64.4 ,58.1 ,47.8 
MYORG,49.5 ,49.1 ,54.8 
MGAM2,4.6 ,4.6 ,4.6 
SI,7.2 ,7.1 ,7.1 
NEU3,34.0 ,47.0 ,44.2 
NEU2,6.0 ,6.0 ,5.9 
NEU4,32.4 ,34.7 ,33.9 
GLB1L,71.5 ,78.2 ,63.0 
GLB1L3,8.7 ,8.5 ,9.0 
GLB1L2,46.5 ,95.0 ,164.9 
PGGHG,89.4 ,124.2 ,117.7 
CHID1,265.0 ,244.0 ,175.1 
CRYBG2,28.7 ,28.1 ,28.3 
CRYBG1,916.9 ,858.8 ,1085.7 
CRYBG3,685.8 ,216.7 ,87.9 
GPCPD1,232.5 ,558.9 ,713.1 
EPM2A,128.1 ,52.1 ,42.8 
PPP1R3C,262.1 ,596.5 ,334.8 
PPP1R3A,6.1 ,6.0 ,6.1 
PPP1R3F,21.2 ,21.1 ,19.8 
PPP1R3D,216.0 ,317.5 ,430.5 
PPP1R3B,309.0 ,315.1 ,665.0 
PPP1R3E,177.5 ,150.3 ,140.0 
PRKAA2,68.9 ,71.7 ,76.1 
PRKAB2,297.1 ,259.9 ,228.9 
